<?xml version="1.0" encoding="UTF-8"?>
<beans
        xmlns="http://www.springframework.org/schema/beans"
        xmlns:xsi="http://www.w3.org/2001/XMLSchema-instance"
        xsi:schemaLocation="http://www.springframework.org/schema/beans http://www.springframework.org/schema/beans/spring-beans-3.0.xsd">

    <bean id="addr1" class="com.ford1.springcore.Address">
        <constructor-arg value="2/3"></constructor-arg>
        <constructor-arg value="Berlie St."></constructor-arg>
        <constructor-arg value="Bangalore"></constructor-arg>
        <constructor-arg value="Karnataka"></constructor-arg>
    </bean>

<bean id="stud1" class="com.ford1.springcore.Student">
    <constructor-arg value="S001"></constructor-arg>
    <constructor-arg value="Sumanth"></constructor-arg>
    <constructor-arg >
            <ref bean="addr1" />
    </constructor-arg>
    <constructor-arg value="87"></constructor-arg>
    <constructor-arg value="89"></constructor-arg>
</bean>



</beans>