<?xml version="1.0" encoding="UTF-8"?>
<beans
        xmlns="http://www.springframework.org/schema/beans"
        xmlns:xsi="http://www.w3.org/2001/XMLSchema-instance"
        xsi:schemaLocation="http://www.springframework.org/schema/beans http://www.springframework.org/schema/beans/spring-beans-3.0.xsd">

    <bean id="addr1" class="com.ford2.setter.noon.Address">
        <property name="dNo" value="112/3"></property>
        <property name="street" value="Steven St"></property>
        <property name="city" value="Hyderabad"></property>
        <property name="state" value="Andhra Pradesh"></property>
    </bean>

    <bean id="customer1" class="com.ford2.setter.noon.Customer">
    <property name="customerId" value="C001"></property>
    <property name="customerName" value="Suresh"></property>
    <property name="customerPhone" value="9838883939"></property>
        <property name="customerAddress">
            <ref bean="addr1" />
        </property>
        <property name="products">
            <list>
                <value>Television</value>
                <value>Refrigerator</value>
                <value>Washing Machine</value>
                <value>Mixer Grinder</value>
            </list>
        </property>
    </bean>
    <!-- Another Customer -->
    <bean id="addr2" class="com.ford2.setter.noon.Address">
        <property name="dNo" value="114/13"></property>
        <property name="street" value="StMarks St"></property>
        <property name="city" value="Bangalore"></property>
        <property name="state" value="Karnataka"></property>
    </bean>

    <bean id="customer2" class="com.ford2.setter.noon.Customer">
        <property name="customerId" value="C002"></property>
        <property name="customerName" value="Sathish Kumar"></property>
        <property name="customerPhone" value="9833333939"></property>
        <property name="customerAddress">
            <ref bean="addr2" />
        </property>
        <property name="products">
            <list>
                <value>LapTop</value>
                <value>Woofer</value>
                <value>KeyBoard</value>
                <value>Head Phone</value>
            </list>
        </property>
    </bean>

</beans>