<?xml version="1.0" encoding="UTF-8"?>
<beans
        xmlns="http://www.springframework.org/schema/beans"
        xmlns:xsi="http://www.w3.org/2001/XMLSchema-instance"
        xsi:schemaLocation="http://www.springframework.org/schema/beans http://www.springframework.org/schema/beans/spring-beans-3.0.xsd">

    <!-- FIRST QUESTION AND CORRESPONDING ANSWERS -->
    <bean id="ans1" class="com.ford1.springcore.Answer">
        <constructor-arg value="A001"></constructor-arg>
        <constructor-arg value="E001"></constructor-arg>
        <constructor-arg>
            <list>
                <value>MVC is Architecture Level Design Pattern</value>
                <value>MVC is an Architecture Style</value>
                <value>MVC Promotes Dependency Injection</value>
            </list>
        </constructor-arg>
    </bean>
    <bean id="ans2" class="com.ford1.springcore.Answer">
        <constructor-arg value="A002"></constructor-arg>
        <constructor-arg value="E002"></constructor-arg>
        <constructor-arg>
            <list>
                <value>MVC Segregates Concerns</value>
                <value>Model View Controllers are building Blocks</value>
                <value>MVC Promotes Inversion of Control</value>
            </list>
        </constructor-arg>
    </bean>
        <bean id="quest1" class="com.ford1.springcore.Question">
            <constructor-arg value="Q001"></constructor-arg>
            <constructor-arg value="What is MVC?"></constructor-arg>
            <constructor-arg>
                <list>
                    <ref bean="ans1" />
                    <ref bean="ans2" />
                </list>
            </constructor-arg>
        </bean>
        <!-- SECOND QUESTION AND CORRESPONDING ANSWERS -->
    <bean id="ans3" class="com.ford1.springcore.Answer">
        <constructor-arg value="A003"></constructor-arg>
        <constructor-arg value="E003"></constructor-arg>
        <constructor-arg>
            <list>
                <value>Dependency Injection is a Feature of MVC</value>
                <value>Dependency Injection  Injects Objects Dynamically</value>
                <value>Dep Injection uses Factory Pattern extensively</value>
            </list>
        </constructor-arg>
    </bean>
    <bean id="ans4" class="com.ford1.springcore.Answer">
        <constructor-arg value="A004"></constructor-arg>
        <constructor-arg value="E004"></constructor-arg>
        <constructor-arg>
            <list>
                <value>Dependency Injection can happen in 2 ways</value>
                <value>By Constructor</value>
                <value>By Setter</value>
            </list>
        </constructor-arg>
    </bean>

    <bean id="quest2" class="com.ford1.springcore.Question">
        <constructor-arg value="Q002"></constructor-arg>
        <constructor-arg value="What is Dependency Injection?"></constructor-arg>
        <constructor-arg>
            <list>
                <ref bean="ans3" />
                <ref bean="ans4" />
            </list>
        </constructor-arg>
    </bean>




</beans>