<?xml version="1.0" encoding="UTF-8"?>
<beans
        xmlns="http://www.springframework.org/schema/beans"
        xmlns:xsi="http://www.w3.org/2001/XMLSchema-instance"
        xsi:schemaLocation="http://www.springframework.org/schema/beans http://www.springframework.org/schema/beans/spring-beans-3.0.xsd">
<bean id="addr1" class="com.ford1.springcorenoon.Address">
    <constructor-arg value="24.34"></constructor-arg>
    <constructor-arg value="Berlie St"></constructor-arg>
    <constructor-arg value="Hyderabad"></constructor-arg>
    <constructor-arg value="Andhra Pradesh"></constructor-arg>
</bean>
    <bean id="customer1" class="com.ford1.springcorenoon.Customer">
        <constructor-arg value="C001"></constructor-arg>
        <constructor-arg value="Suman Kumar"></constructor-arg>
        <constructor-arg value="9848848848"></constructor-arg>
        <constructor-arg>
            <ref bean="addr1" />
        </constructor-arg>
        <constructor-arg>
            <list>
                <value>Television</value>
                <value>Refrigerator</value>
                <value>Washing Machine</value>
                <value>Geyser</value>
            </list>
        </constructor-arg>
    </bean>

</beans>
